1,20 BuzzFeed Articles It's Probably OK That I Never Finished
1,Pigskin A Blanket: NFL Conference Championship Picks
1,When Relationship Introductions Get Awkward
1,You Might Be Food Shopping Wrong
1,27 Underrated Makeup Brands Everyone Should Know About
1,We Know Your Favorite Artist Based On Your Zodiac Sign
1,17 Things Everyone With Strong Eyebrows Knows To Be True
1,17 Creepy Videos That Will Send A Chill Down Your Spine
0,"Hunted by Puma, It Flees, but Against Fox, It Fights"
0,Riots in Nigeria kill nearly 400
1,Here Are All The Parts Of A Cat You Need To Know
1,"The One Mind-Blowing Detail You Missed In ""The Little Mermaid"""
1,6 Struggles Only Atheists Understand
0,Decline and Fall of the U.S.: A View From 2089
0,Guidant announces more defibrillator problems
0,Woman Files Complaint Against Bernie Williams
0,'Very serious': Chinese government releases corruption report
0,Head of Joint Chiefs Praises Pakistani Operation
0,Many nations offer material aid to hurricane victims; Bush refuses to accept
0,Chinese City Bolsters Scant Consumer Spending With Free Vouchers
1,A Photo Of Demi Lovato Has Now Become A Huge Meme Called Poot
0,Study raises health concerns about shower curtains
1,Watch This Boyfriend Blindly Guess Which Hand Belongs To His Boyfriend
0,McEnroe Wants Academy to Revive Tennis in New York
0,French tourists killed in California bus rollover accident
0,Final draw sets groups for FIFA World Cup 2010
0,Washington Train Crash Prompts Safety Warning
1,Kristen Bell And Dax Shepard Dancing Through Africa Will Restore Your Faith In Love
1,11 Pieces Of Wisdom To Read Whenever You're Feeling Down
0,Oldest living European person reaches age 114
0,US retailer Circuit City files for bankruptcy protection
1,Lil Mama Has Managed To Become A Hilarious Meme
1,17 Things You Only See At A Historically Black College Homecoming
1,Which One Direction Music Video Is Your Favorite
1,"What's The Best ""Yahoo Answers"" Question You've Ever Seen"
1,21 Reasons Why No One Should Have New York Values
0,"Tens of thousands of workers demonstrate in Ljubljana, Slovenia"
0,"Avenged Sevenfold drummer James ""The Rev"" Sullivan found dead at age 28"
0,Man dies in Serbian enclave; could not call ambulance
0,"Speeding ticket paid with 12,000 pennies"
0,Xbox 360 shortages expected on debut day in Europe
0,"In April, Fed Weighed Purchase of More Debt"
0,St Paul's cathedral to shut down following 'Occupy' protest
1,What's The Worst Thing You've Ever Smelled
1,"Which Zodiac Should You Date Based On Your Favorite ""Game Of Thrones"" Character"
0,Tarja Turunen to perform at Doro Pesch's 25th anniversary concert and record duets with her
0,United States Senator Ted Kennedy rushed to the hospital
1,24 Tweets That Will Make Every Nurse Laugh Out Loud
1,29 Pictures That Will Give You Severe Flashbacks To The Late '90s And Early '00s
1,16 Black Friday Horror Stories That Prove Retail Employees Are Saints
